sku;title
TST0001;Lorem ipsum dolor sit amet, consectetur adipiscing elit.
TST0002;Sed maximus risus vel purus tincidunt, quis faucibus libero interdum.
TST0003;Sed id orci efficitur, egestas dui eu, consectetur elit.
TST0004;Morbi eu tortor sit amet nisl ultrices ullamcorper nec nec risus.
TST0005;Vivamus a lorem congue, scelerisque enim ac, vestibulum augue.
TST0006;Quisque sollicitudin neque eget urna placerat posuere.
TST0007;Maecenas et leo quis arcu porttitor pulvinar ut eget sem.
TST0008;Cras eu orci ac purus venenatis sollicitudin.
TST0009;Nullam a tellus dictum, consectetur nibh non, aliquam dolor.
TST0010;Ut dignissim metus eleifend, vehicula lorem vitae, elementum sem.
